{
  "config": "{\"version\":\"5.57\",\"themeCollection\":{\"baseTheme\":{\"name\":\"CY24SU08\",\"version\":\"5.57\",\"type\":2}},\"activeSectionIndex\":0,\"defaultDrillFilterOtherVisuals\":true,\"linguisticSchemaSyncVersion\":2,\"settings\":{\"useNewFilterPaneExperience\":true,\"allowChangeFilterTypes\":true,\"useStylableVisualContainerHeader\":true,\"queryLimitOption\":6,\"exportDataMode\":1,\"useDefaultAggregateDisplayName\":true,\"useEnhancedTooltips\":true,\"pauseQueries\":true},\"objects\":{\"section\":[{\"properties\":{\"verticalAlignment\":{\"expr\":{\"Literal\":{\"Value\":\"'Top'\"}}}}}]}}",
  "layoutOptimization": 0,
  "resourcePackages": [
    {
      "resourcePackage": {
        "disabled": false,
        "items": [
          {
            "name": "CY24SU08",
            "path": "BaseThemes/CY24SU08.json",
            "type": 202
          }
        ],
        "name": "SharedResources",
        "type": 2
      }
    }
  ],
  "sections": [
    {
      "config": "{\"objects\":{}}",
      "displayName": "GMV",
      "displayOption": 3,
      "filters": "[]",
      "height": 1600.00,
      "name": "b163a3f4097725159151",
      "visualContainers": [
        {
          "config": "{\"name\":\"0e8a64d8287e408ee29b\",\"layouts\":[{\"id\":0,\"position\":{\"x\":1140,\"y\":1145.4545454545453,\"z\":8000,\"width\":459.99999999999994,\"height\":383.6363636363636,\"tabOrder\":8000}}],\"singleVisual\":{\"visualType\":\"barChart\",\"projections\":{\"Y\":[{\"queryRef\":\"Sum(transaksi_gmv.total_payment)\"}],\"Category\":[{\"queryRef\":\"transaksi_gmv.regional\",\"active\":true}]},\"prototypeQuery\":{\"Version\":2,\"From\":[{\"Name\":\"t\",\"Entity\":\"transaksi_gmv\",\"Type\":0}],\"Select\":[{\"Aggregation\":{\"Expression\":{\"Column\":{\"Expression\":{\"SourceRef\":{\"Source\":\"t\"}},\"Property\":\"total_payment\"}},\"Function\":0},\"Name\":\"Sum(transaksi_gmv.total_payment)\",\"NativeReferenceName\":\"Sum of total_payment\"},{\"Column\":{\"Expression\":{\"SourceRef\":{\"Source\":\"t\"}},\"Property\":\"regional\"},\"Name\":\"transaksi_gmv.regional\",\"NativeReferenceName\":\"regional\"}],\"OrderBy\":[{\"Direction\":2,\"Expression\":{\"Aggregation\":{\"Expression\":{\"Column\":{\"Expression\":{\"SourceRef\":{\"Source\":\"t\"}},\"Property\":\"total_payment\"}},\"Function\":0}}}]},\"drillFilterOtherVisuals\":true,\"hasDefaultSort\":true,\"objects\":{\"valueAxis\":[{\"properties\":{\"titleText\":{\"expr\":{\"Literal\":{\"Value\":\"'GMV'\"}}}}}],\"categoryAxis\":[{\"properties\":{\"show\":{\"expr\":{\"Literal\":{\"Value\":\"true\"}}},\"showAxisTitle\":{\"expr\":{\"Literal\":{\"Value\":\"false\"}}}}}]},\"vcObjects\":{\"title\":[{\"properties\":{\"text\":{\"expr\":{\"Literal\":{\"Value\":\"'GMV per Regional'\"}}},\"show\":{\"expr\":{\"Literal\":{\"Value\":\"true\"}}},\"titleWrap\":{\"expr\":{\"Literal\":{\"Value\":\"true\"}}},\"alignment\":{\"expr\":{\"Literal\":{\"Value\":\"'left'\"}}},\"fontSize\":{\"expr\":{\"Literal\":{\"Value\":\"20D\"}}}}}],\"background\":[{\"properties\":{\"show\":{\"expr\":{\"Literal\":{\"Value\":\"true\"}}},\"transparency\":{\"expr\":{\"Literal\":{\"Value\":\"0D\"}}}}}],\"border\":[{\"properties\":{\"show\":{\"expr\":{\"Literal\":{\"Value\":\"true\"}}},\"width\":{\"expr\":{\"Literal\":{\"Value\":\"1D\"}}}}}]}}}",
          "filters": "[]",
          "height": 383.64,
          "width": 460.00,
          "x": 1140.00,
          "y": 1145.45,
          "z": 8000.00
        },
        {
          "config": "{\"name\":\"1fee15f38e130dc10092\",\"layouts\":[{\"id\":0,\"position\":{\"x\":799.9999999999999,\"y\":729.090909090909,\"z\":6000,\"width\":734.5454545454545,\"height\":370.9090909090909,\"tabOrder\":6000}}],\"singleVisual\":{\"visualType\":\"donutChart\",\"projections\":{\"Y\":[{\"queryRef\":\"Sum(transaksi_gmv.total_payment)\"}],\"Category\":[{\"queryRef\":\"transaksi_gmv.billing\",\"active\":true}]},\"prototypeQuery\":{\"Version\":2,\"From\":[{\"Name\":\"t\",\"Entity\":\"transaksi_gmv\",\"Type\":0}],\"Select\":[{\"Aggregation\":{\"Expression\":{\"Column\":{\"Expression\":{\"SourceRef\":{\"Source\":\"t\"}},\"Property\":\"total_payment\"}},\"Function\":0},\"Name\":\"Sum(transaksi_gmv.total_payment)\",\"NativeReferenceName\":\"Sum of total_payment\"},{\"Column\":{\"Expression\":{\"SourceRef\":{\"Source\":\"t\"}},\"Property\":\"billing\"},\"Name\":\"transaksi_gmv.billing\",\"NativeReferenceName\":\"billing\"}],\"OrderBy\":[{\"Direction\":2,\"Expression\":{\"Aggregation\":{\"Expression\":{\"Column\":{\"Expression\":{\"SourceRef\":{\"Source\":\"t\"}},\"Property\":\"total_payment\"}},\"Function\":0}}}]},\"drillFilterOtherVisuals\":true,\"hasDefaultSort\":true,\"objects\":{\"labels\":[{\"properties\":{\"labelStyle\":{\"expr\":{\"Literal\":{\"Value\":\"'Data value, percent of total'\"}}},\"position\":{\"expr\":{\"Literal\":{\"Value\":\"'outside'\"}}}}}],\"slices\":[{\"properties\":{\"startAngle\":{\"expr\":{\"Literal\":{\"Value\":\"0L\"}}}}}]},\"vcObjects\":{\"title\":[{\"properties\":{\"text\":{\"expr\":{\"Literal\":{\"Value\":\"'GMV per Billing Category'\"}}},\"show\":{\"expr\":{\"Literal\":{\"Value\":\"true\"}}},\"titleWrap\":{\"expr\":{\"Literal\":{\"Value\":\"true\"}}},\"alignment\":{\"expr\":{\"Literal\":{\"Value\":\"'left'\"}}},\"fontSize\":{\"expr\":{\"Literal\":{\"Value\":\"20D\"}}}}}],\"background\":[{\"properties\":{\"show\":{\"expr\":{\"Literal\":{\"Value\":\"true\"}}},\"transparency\":{\"expr\":{\"Literal\":{\"Value\":\"0D\"}}}}}],\"border\":[{\"properties\":{\"show\":{\"expr\":{\"Literal\":{\"Value\":\"true\"}}},\"width\":{\"expr\":{\"Literal\":{\"Value\":\"1D\"}}}}}]}}}",
          "filters": "[]",
          "height": 370.91,
          "width": 734.55,
          "x": 800.00,
          "y": 729.09,
          "z": 6000.00
        },
        {
          "config": "{\"name\":\"30cecc449a88c149ad11\",\"layouts\":[{\"id\":0,\"position\":{\"x\":38.18181818181818,\"y\":83.63636363636363,\"z\":0,\"width\":329.09090909090907,\"height\":249.09090909090907,\"tabOrder\":0}}],\"singleVisual\":{\"visualType\":\"card\",\"projections\":{\"Values\":[{\"queryRef\":\"Sum(transaksi_gmv.total_payment)\"}]},\"prototypeQuery\":{\"Version\":2,\"From\":[{\"Name\":\"t\",\"Entity\":\"transaksi_gmv\",\"Type\":0}],\"Select\":[{\"Aggregation\":{\"Expression\":{\"Column\":{\"Expression\":{\"SourceRef\":{\"Source\":\"t\"}},\"Property\":\"total_payment\"}},\"Function\":0},\"Name\":\"Sum(transaksi_gmv.total_payment)\",\"NativeReferenceName\":\"Sum of total_payment\"}],\"OrderBy\":[{\"Direction\":2,\"Expression\":{\"Aggregation\":{\"Expression\":{\"Column\":{\"Expression\":{\"SourceRef\":{\"Source\":\"t\"}},\"Property\":\"total_payment\"}},\"Function\":0}}}]},\"drillFilterOtherVisuals\":true,\"hasDefaultSort\":true,\"objects\":{\"categoryLabels\":[{\"properties\":{\"show\":{\"expr\":{\"Literal\":{\"Value\":\"false\"}}}}}]},\"vcObjects\":{\"title\":[{\"properties\":{\"show\":{\"expr\":{\"Literal\":{\"Value\":\"true\"}}},\"text\":{\"expr\":{\"Literal\":{\"Value\":\"'Total GMV'\"}}},\"fontSize\":{\"expr\":{\"Literal\":{\"Value\":\"20D\"}}},\"alignment\":{\"expr\":{\"Literal\":{\"Value\":\"'left'\"}}}}}],\"border\":[{\"properties\":{\"show\":{\"expr\":{\"Literal\":{\"Value\":\"true\"}}}}}]}}}",
          "filters": "[]",
          "height": 249.09,
          "width": 329.09,
          "x": 38.18,
          "y": 83.64,
          "z": 0.00
        },
        {
          "config": "{\"name\":\"38a56ea1164ea6e261c5\",\"layouts\":[{\"id\":0,\"position\":{\"x\":36.36363636363636,\"y\":729.090909090909,\"z\":5000,\"width\":700,\"height\":370.9090909090909,\"tabOrder\":5000}}],\"singleVisual\":{\"visualType\":\"donutChart\",\"projections\":{\"Y\":[{\"queryRef\":\"Sum(transaksi_gmv.total_payment)\"}],\"Category\":[{\"queryRef\":\"transaksi_gmv.product_category\",\"active\":true}]},\"prototypeQuery\":{\"Version\":2,\"From\":[{\"Name\":\"t\",\"Entity\":\"transaksi_gmv\",\"Type\":0}],\"Select\":[{\"Aggregation\":{\"Expression\":{\"Column\":{\"Expression\":{\"SourceRef\":{\"Source\":\"t\"}},\"Property\":\"total_payment\"}},\"Function\":0},\"Name\":\"Sum(transaksi_gmv.total_payment)\",\"NativeReferenceName\":\"Sum of total_payment\"},{\"Column\":{\"Expression\":{\"SourceRef\":{\"Source\":\"t\"}},\"Property\":\"product_category\"},\"Name\":\"transaksi_gmv.product_category\",\"NativeReferenceName\":\"product_category\"}],\"OrderBy\":[{\"Direction\":2,\"Expression\":{\"Aggregation\":{\"Expression\":{\"Column\":{\"Expression\":{\"SourceRef\":{\"Source\":\"t\"}},\"Property\":\"total_payment\"}},\"Function\":0}}}]},\"drillFilterOtherVisuals\":true,\"hasDefaultSort\":true,\"objects\":{\"labels\":[{\"properties\":{\"labelStyle\":{\"expr\":{\"Literal\":{\"Value\":\"'Data value, percent of total'\"}}},\"position\":{\"expr\":{\"Literal\":{\"Value\":\"'outside'\"}}}}}],\"slices\":[{\"properties\":{\"startAngle\":{\"expr\":{\"Literal\":{\"Value\":\"0L\"}}}}}]},\"vcObjects\":{\"title\":[{\"properties\":{\"text\":{\"expr\":{\"Literal\":{\"Value\":\"'GMV per Product Category'\"}}},\"show\":{\"expr\":{\"Literal\":{\"Value\":\"true\"}}},\"titleWrap\":{\"expr\":{\"Literal\":{\"Value\":\"true\"}}},\"alignment\":{\"expr\":{\"Literal\":{\"Value\":\"'left'\"}}},\"fontSize\":{\"expr\":{\"Literal\":{\"Value\":\"20D\"}}}}}],\"background\":[{\"properties\":{\"show\":{\"expr\":{\"Literal\":{\"Value\":\"true\"}}},\"transparency\":{\"expr\":{\"Literal\":{\"Value\":\"0D\"}}}}}],\"border\":[{\"properties\":{\"show\":{\"expr\":{\"Literal\":{\"Value\":\"true\"}}},\"width\":{\"expr\":{\"Literal\":{\"Value\":\"1D\"}}}}}]}}}",
          "filters": "[]",
          "height": 370.91,
          "width": 700.00,
          "x": 36.36,
          "y": 729.09,
          "z": 5000.00
        },
        {
          "config": "{\"name\":\"4ca95300006c07863436\",\"layouts\":[{\"id\":0,\"position\":{\"x\":541.8181818181818,\"y\":1145.4545454545453,\"z\":8001,\"width\":565.4545454545454,\"height\":383.6363636363636,\"tabOrder\":8001}}],\"singleVisual\":{\"visualType\":\"barChart\",\"projections\":{\"Y\":[{\"queryRef\":\"Sum(transaksi_gmv.total_payment)\"}],\"Category\":[{\"queryRef\":\"transaksi_gmv.witel\",\"active\":true}]},\"prototypeQuery\":{\"Version\":2,\"From\":[{\"Name\":\"t\",\"Entity\":\"transaksi_gmv\",\"Type\":0}],\"Select\":[{\"Aggregation\":{\"Expression\":{\"Column\":{\"Expression\":{\"SourceRef\":{\"Source\":\"t\"}},\"Property\":\"total_payment\"}},\"Function\":0},\"Name\":\"Sum(transaksi_gmv.total_payment)\",\"NativeReferenceName\":\"Sum of total_payment\"},{\"Column\":{\"Expression\":{\"SourceRef\":{\"Source\":\"t\"}},\"Property\":\"witel\"},\"Name\":\"transaksi_gmv.witel\",\"NativeReferenceName\":\"witel\"}],\"OrderBy\":[{\"Direction\":2,\"Expression\":{\"Aggregation\":{\"Expression\":{\"Column\":{\"Expression\":{\"SourceRef\":{\"Source\":\"t\"}},\"Property\":\"total_payment\"}},\"Function\":0}}}]},\"drillFilterOtherVisuals\":true,\"hasDefaultSort\":true,\"objects\":{\"valueAxis\":[{\"properties\":{\"titleText\":{\"expr\":{\"Literal\":{\"Value\":\"'GMV'\"}}},\"start\":{\"expr\":{\"Literal\":{\"Value\":\"-1D\"}}}}}],\"categoryAxis\":[{\"properties\":{\"show\":{\"expr\":{\"Literal\":{\"Value\":\"true\"}}},\"showAxisTitle\":{\"expr\":{\"Literal\":{\"Value\":\"false\"}}}}}]},\"vcObjects\":{\"title\":[{\"properties\":{\"text\":{\"expr\":{\"Literal\":{\"Value\":\"'GMV per Witel'\"}}},\"show\":{\"expr\":{\"Literal\":{\"Value\":\"true\"}}},\"titleWrap\":{\"expr\":{\"Literal\":{\"Value\":\"true\"}}},\"alignment\":{\"expr\":{\"Literal\":{\"Value\":\"'left'\"}}},\"fontSize\":{\"expr\":{\"Literal\":{\"Value\":\"20D\"}}}}}],\"background\":[{\"properties\":{\"show\":{\"expr\":{\"Literal\":{\"Value\":\"true\"}}},\"transparency\":{\"expr\":{\"Literal\":{\"Value\":\"0D\"}}}}}],\"border\":[{\"properties\":{\"show\":{\"expr\":{\"Literal\":{\"Value\":\"true\"}}},\"width\":{\"expr\":{\"Literal\":{\"Value\":\"1D\"}}}}}]}}}",
          "filters": "[]",
          "height": 383.64,
          "width": 565.45,
          "x": 541.82,
          "y": 1145.45,
          "z": 8001.00
        },
        {
          "config": "{\"name\":\"912947ae140ed4d821ed\",\"layouts\":[{\"id\":0,\"position\":{\"x\":389.09090909090907,\"y\":83.63636363636363,\"z\":1000,\"width\":554.5454545454545,\"height\":249.09090909090907,\"tabOrder\":1000}}],\"singleVisual\":{\"visualType\":\"columnChart\",\"projections\":{\"Y\":[{\"queryRef\":\"Sum(transaksi_gmv.total_payment)\"}],\"Category\":[{\"queryRef\":\"transaksi_gmv.reference_date.Variation.Date Hierarchy.Year\",\"active\":true},{\"queryRef\":\"transaksi_gmv.reference_date.Variation.Date Hierarchy.Quarter\",\"active\":true}]},\"prototypeQuery\":{\"Version\":2,\"From\":[{\"Name\":\"t\",\"Entity\":\"transaksi_gmv\",\"Type\":0}],\"Select\":[{\"HierarchyLevel\":{\"Expression\":{\"Hierarchy\":{\"Expression\":{\"PropertyVariationSource\":{\"Expression\":{\"SourceRef\":{\"Source\":\"t\"}},\"Name\":\"Variation\",\"Property\":\"reference_date\"}},\"Hierarchy\":\"Date Hierarchy\"}},\"Level\":\"Quarter\"},\"Name\":\"transaksi_gmv.reference_date.Variation.Date Hierarchy.Quarter\",\"NativeReferenceName\":\"reference_date Quarter\"},{\"Aggregation\":{\"Expression\":{\"Column\":{\"Expression\":{\"SourceRef\":{\"Source\":\"t\"}},\"Property\":\"total_payment\"}},\"Function\":0},\"Name\":\"Sum(transaksi_gmv.total_payment)\",\"NativeReferenceName\":\"Sum of total_payment\"},{\"HierarchyLevel\":{\"Expression\":{\"Hierarchy\":{\"Expression\":{\"PropertyVariationSource\":{\"Expression\":{\"SourceRef\":{\"Source\":\"t\"}},\"Name\":\"Variation\",\"Property\":\"reference_date\"}},\"Hierarchy\":\"Date Hierarchy\"}},\"Level\":\"Year\"},\"Name\":\"transaksi_gmv.reference_date.Variation.Date Hierarchy.Year\",\"NativeReferenceName\":\"reference_date Year\"}]},\"drillFilterOtherVisuals\":true,\"objects\":{\"categoryAxis\":[{\"properties\":{\"showAxisTitle\":{\"expr\":{\"Literal\":{\"Value\":\"false\"}}}}}],\"valueAxis\":[{\"properties\":{\"show\":{\"expr\":{\"Literal\":{\"Value\":\"true\"}}},\"showAxisTitle\":{\"expr\":{\"Literal\":{\"Value\":\"false\"}}}}}]},\"vcObjects\":{\"title\":[{\"properties\":{\"text\":{\"expr\":{\"Literal\":{\"Value\":\"'Quarterly GMV'\"}}},\"show\":{\"expr\":{\"Literal\":{\"Value\":\"true\"}}},\"titleWrap\":{\"expr\":{\"Literal\":{\"Value\":\"true\"}}},\"alignment\":{\"expr\":{\"Literal\":{\"Value\":\"'left'\"}}},\"fontSize\":{\"expr\":{\"Literal\":{\"Value\":\"20D\"}}}}}],\"background\":[{\"properties\":{\"show\":{\"expr\":{\"Literal\":{\"Value\":\"true\"}}},\"transparency\":{\"expr\":{\"Literal\":{\"Value\":\"0D\"}}}}}],\"border\":[{\"properties\":{\"show\":{\"expr\":{\"Literal\":{\"Value\":\"true\"}}},\"width\":{\"expr\":{\"Literal\":{\"Value\":\"1D\"}}}}}]}}}",
          "filters": "[]",
          "height": 249.09,
          "width": 554.55,
          "x": 389.09,
          "y": 83.64,
          "z": 1000.00
        },
        {
          "config": "{\"name\":\"b2af86e21d964106c69a\",\"layouts\":[{\"id\":0,\"position\":{\"x\":969.090909090909,\"y\":83.63636363636363,\"z\":2000,\"width\":601.8181818181818,\"height\":249.09090909090907,\"tabOrder\":2000}}],\"singleVisual\":{\"visualType\":\"columnChart\",\"projections\":{\"Y\":[{\"queryRef\":\"Sum(transaksi_gmv.total_payment)\"}],\"Category\":[{\"queryRef\":\"transaksi_gmv.reference_date.Variation.Date Hierarchy.Year\",\"active\":true},{\"queryRef\":\"transaksi_gmv.reference_date.Variation.Date Hierarchy.Month\",\"active\":true}]},\"prototypeQuery\":{\"Version\":2,\"From\":[{\"Name\":\"t\",\"Entity\":\"transaksi_gmv\",\"Type\":0}],\"Select\":[{\"Aggregation\":{\"Expression\":{\"Column\":{\"Expression\":{\"SourceRef\":{\"Source\":\"t\"}},\"Property\":\"total_payment\"}},\"Function\":0},\"Name\":\"Sum(transaksi_gmv.total_payment)\",\"NativeReferenceName\":\"Sum of total_payment\"},{\"HierarchyLevel\":{\"Expression\":{\"Hierarchy\":{\"Expression\":{\"PropertyVariationSource\":{\"Expression\":{\"SourceRef\":{\"Source\":\"t\"}},\"Name\":\"Variation\",\"Property\":\"reference_date\"}},\"Hierarchy\":\"Date Hierarchy\"}},\"Level\":\"Month\"},\"Name\":\"transaksi_gmv.reference_date.Variation.Date Hierarchy.Month\",\"NativeReferenceName\":\"reference_date Month\"},{\"HierarchyLevel\":{\"Expression\":{\"Hierarchy\":{\"Expression\":{\"PropertyVariationSource\":{\"Expression\":{\"SourceRef\":{\"Source\":\"t\"}},\"Name\":\"Variation\",\"Property\":\"reference_date\"}},\"Hierarchy\":\"Date Hierarchy\"}},\"Level\":\"Year\"},\"Name\":\"transaksi_gmv.reference_date.Variation.Date Hierarchy.Year\",\"NativeReferenceName\":\"reference_date Year\"}]},\"drillFilterOtherVisuals\":true,\"objects\":{\"categoryAxis\":[{\"properties\":{\"showAxisTitle\":{\"expr\":{\"Literal\":{\"Value\":\"false\"}}}}}],\"valueAxis\":[{\"properties\":{\"showAxisTitle\":{\"expr\":{\"Literal\":{\"Value\":\"false\"}}}}}]},\"vcObjects\":{\"title\":[{\"properties\":{\"text\":{\"expr\":{\"Literal\":{\"Value\":\"'Monthly GMV'\"}}},\"show\":{\"expr\":{\"Literal\":{\"Value\":\"true\"}}},\"titleWrap\":{\"expr\":{\"Literal\":{\"Value\":\"true\"}}},\"alignment\":{\"expr\":{\"Literal\":{\"Value\":\"'left'\"}}},\"fontSize\":{\"expr\":{\"Literal\":{\"Value\":\"20D\"}}}}}],\"background\":[{\"properties\":{\"show\":{\"expr\":{\"Literal\":{\"Value\":\"true\"}}},\"transparency\":{\"expr\":{\"Literal\":{\"Value\":\"0D\"}}}}}],\"border\":[{\"properties\":{\"show\":{\"expr\":{\"Literal\":{\"Value\":\"true\"}}},\"width\":{\"expr\":{\"Literal\":{\"Value\":\"1D\"}}}}}]}}}",
          "filters": "[]",
          "height": 249.09,
          "width": 601.82,
          "x": 969.09,
          "y": 83.64,
          "z": 2000.00
        },
        {
          "config": "{\"name\":\"d4741ec3701ad8247049\",\"layouts\":[{\"id\":0,\"position\":{\"x\":38.18181818181818,\"y\":1129.090909090909,\"z\":7000,\"width\":449.09090909090907,\"height\":399.99999999999994,\"tabOrder\":7000}}],\"singleVisual\":{\"visualType\":\"barChart\",\"projections\":{\"Y\":[{\"queryRef\":\"Sum(transaksi_gmv.total_payment)\"}],\"Category\":[{\"queryRef\":\"transaksi_gmv.product_name\",\"active\":true}]},\"prototypeQuery\":{\"Version\":2,\"From\":[{\"Name\":\"t\",\"Entity\":\"transaksi_gmv\",\"Type\":0}],\"Select\":[{\"Aggregation\":{\"Expression\":{\"Column\":{\"Expression\":{\"SourceRef\":{\"Source\":\"t\"}},\"Property\":\"total_payment\"}},\"Function\":0},\"Name\":\"Sum(transaksi_gmv.total_payment)\",\"NativeReferenceName\":\"Sum of total_payment\"},{\"Column\":{\"Expression\":{\"SourceRef\":{\"Source\":\"t\"}},\"Property\":\"product_name\"},\"Name\":\"transaksi_gmv.product_name\",\"NativeReferenceName\":\"product_name\"}],\"OrderBy\":[{\"Direction\":2,\"Expression\":{\"Aggregation\":{\"Expression\":{\"Column\":{\"Expression\":{\"SourceRef\":{\"Source\":\"t\"}},\"Property\":\"total_payment\"}},\"Function\":0}}}]},\"drillFilterOtherVisuals\":true,\"hasDefaultSort\":true,\"objects\":{\"valueAxis\":[{\"properties\":{\"titleText\":{\"expr\":{\"Literal\":{\"Value\":\"'GMV'\"}}}}}],\"categoryAxis\":[{\"properties\":{\"show\":{\"expr\":{\"Literal\":{\"Value\":\"true\"}}},\"showAxisTitle\":{\"expr\":{\"Literal\":{\"Value\":\"false\"}}}}}]},\"vcObjects\":{\"title\":[{\"properties\":{\"text\":{\"expr\":{\"Literal\":{\"Value\":\"'GMV per Product Name'\"}}},\"show\":{\"expr\":{\"Literal\":{\"Value\":\"true\"}}},\"titleWrap\":{\"expr\":{\"Literal\":{\"Value\":\"true\"}}},\"alignment\":{\"expr\":{\"Literal\":{\"Value\":\"'left'\"}}},\"fontSize\":{\"expr\":{\"Literal\":{\"Value\":\"20D\"}}}}}],\"background\":[{\"properties\":{\"show\":{\"expr\":{\"Literal\":{\"Value\":\"true\"}}},\"transparency\":{\"expr\":{\"Literal\":{\"Value\":\"0D\"}}}}}],\"border\":[{\"properties\":{\"show\":{\"expr\":{\"Literal\":{\"Value\":\"true\"}}},\"width\":{\"expr\":{\"Literal\":{\"Value\":\"1D\"}}}}}]}}}",
          "filters": "[]",
          "height": 400.00,
          "width": 449.09,
          "x": 38.18,
          "y": 1129.09,
          "z": 7000.00
        },
        {
          "config": "{\"name\":\"ed2bba404455290145e9\",\"layouts\":[{\"id\":0,\"position\":{\"x\":38.18181818181818,\"y\":370.9090909090909,\"z\":3000,\"width\":723.6363636363636,\"height\":316.3636363636363,\"tabOrder\":3000}}],\"singleVisual\":{\"visualType\":\"areaChart\",\"projections\":{\"Y\":[{\"queryRef\":\"Sum(transaksi_gmv.total_payment)\"}],\"Category\":[{\"queryRef\":\"transaksi_gmv.week_date.Variation.Date Hierarchy.Year\",\"active\":true},{\"queryRef\":\"transaksi_gmv.week_date.Variation.Date Hierarchy.Quarter\",\"active\":true},{\"queryRef\":\"transaksi_gmv.week_date.Variation.Date Hierarchy.Month\",\"active\":true},{\"queryRef\":\"transaksi_gmv.week_date.Variation.Date Hierarchy.Day\",\"active\":true}]},\"prototypeQuery\":{\"Version\":2,\"From\":[{\"Name\":\"t\",\"Entity\":\"transaksi_gmv\",\"Type\":0}],\"Select\":[{\"Aggregation\":{\"Expression\":{\"Column\":{\"Expression\":{\"SourceRef\":{\"Source\":\"t\"}},\"Property\":\"total_payment\"}},\"Function\":0},\"Name\":\"Sum(transaksi_gmv.total_payment)\",\"NativeReferenceName\":\"Sum of total_payment\"},{\"HierarchyLevel\":{\"Expression\":{\"Hierarchy\":{\"Expression\":{\"PropertyVariationSource\":{\"Expression\":{\"SourceRef\":{\"Source\":\"t\"}},\"Name\":\"Variation\",\"Property\":\"week_date\"}},\"Hierarchy\":\"Date Hierarchy\"}},\"Level\":\"Year\"},\"Name\":\"transaksi_gmv.week_date.Variation.Date Hierarchy.Year\",\"NativeReferenceName\":\"week_date Year\"},{\"HierarchyLevel\":{\"Expression\":{\"Hierarchy\":{\"Expression\":{\"PropertyVariationSource\":{\"Expression\":{\"SourceRef\":{\"Source\":\"t\"}},\"Name\":\"Variation\",\"Property\":\"week_date\"}},\"Hierarchy\":\"Date Hierarchy\"}},\"Level\":\"Quarter\"},\"Name\":\"transaksi_gmv.week_date.Variation.Date Hierarchy.Quarter\",\"NativeReferenceName\":\"week_date Quarter\"},{\"HierarchyLevel\":{\"Expression\":{\"Hierarchy\":{\"Expression\":{\"PropertyVariationSource\":{\"Expression\":{\"SourceRef\":{\"Source\":\"t\"}},\"Name\":\"Variation\",\"Property\":\"week_date\"}},\"Hierarchy\":\"Date Hierarchy\"}},\"Level\":\"Month\"},\"Name\":\"transaksi_gmv.week_date.Variation.Date Hierarchy.Month\",\"NativeReferenceName\":\"week_date Month\"},{\"HierarchyLevel\":{\"Expression\":{\"Hierarchy\":{\"Expression\":{\"PropertyVariationSource\":{\"Expression\":{\"SourceRef\":{\"Source\":\"t\"}},\"Name\":\"Variation\",\"Property\":\"week_date\"}},\"Hierarchy\":\"Date Hierarchy\"}},\"Level\":\"Day\"},\"Name\":\"transaksi_gmv.week_date.Variation.Date Hierarchy.Day\",\"NativeReferenceName\":\"week_date Day\"}]},\"drillFilterOtherVisuals\":true,\"objects\":{\"categoryAxis\":[{\"properties\":{\"showAxisTitle\":{\"expr\":{\"Literal\":{\"Value\":\"false\"}}}}}],\"valueAxis\":[{\"properties\":{\"showAxisTitle\":{\"expr\":{\"Literal\":{\"Value\":\"false\"}}}}}]},\"vcObjects\":{\"title\":[{\"properties\":{\"text\":{\"expr\":{\"Literal\":{\"Value\":\"'Weekly GMV'\"}}},\"show\":{\"expr\":{\"Literal\":{\"Value\":\"true\"}}},\"titleWrap\":{\"expr\":{\"Literal\":{\"Value\":\"true\"}}},\"alignment\":{\"expr\":{\"Literal\":{\"Value\":\"'left'\"}}},\"fontSize\":{\"expr\":{\"Literal\":{\"Value\":\"20D\"}}}}}],\"background\":[{\"properties\":{\"show\":{\"expr\":{\"Literal\":{\"Value\":\"true\"}}},\"transparency\":{\"expr\":{\"Literal\":{\"Value\":\"0D\"}}}}}],\"border\":[{\"properties\":{\"show\":{\"expr\":{\"Literal\":{\"Value\":\"true\"}}},\"width\":{\"expr\":{\"Literal\":{\"Value\":\"1D\"}}}}}]}}}",
          "filters": "[]",
          "height": 316.36,
          "width": 723.64,
          "x": 38.18,
          "y": 370.91,
          "z": 3000.00
        },
        {
          "config": "{\"name\":\"f0cc2c9c3e2bc4e28899\",\"layouts\":[{\"id\":0,\"position\":{\"x\":785.4545454545454,\"y\":370.9090909090909,\"z\":4000,\"width\":643.6363636363636,\"height\":316.3636363636363,\"tabOrder\":4000}}],\"singleVisual\":{\"visualType\":\"areaChart\",\"projections\":{\"Y\":[{\"queryRef\":\"Sum(transaksi_gmv.total_payment)\"}],\"Category\":[{\"queryRef\":\"transaksi_gmv.reference_date.Variation.Date Hierarchy.Year\",\"active\":true},{\"queryRef\":\"transaksi_gmv.reference_date.Variation.Date Hierarchy.Quarter\",\"active\":true},{\"queryRef\":\"transaksi_gmv.reference_date.Variation.Date Hierarchy.Month\",\"active\":true},{\"queryRef\":\"transaksi_gmv.reference_date.Variation.Date Hierarchy.Day\",\"active\":true}]},\"prototypeQuery\":{\"Version\":2,\"From\":[{\"Name\":\"t\",\"Entity\":\"transaksi_gmv\",\"Type\":0}],\"Select\":[{\"Aggregation\":{\"Expression\":{\"Column\":{\"Expression\":{\"SourceRef\":{\"Source\":\"t\"}},\"Property\":\"total_payment\"}},\"Function\":0},\"Name\":\"Sum(transaksi_gmv.total_payment)\",\"NativeReferenceName\":\"Sum of total_payment\"},{\"HierarchyLevel\":{\"Expression\":{\"Hierarchy\":{\"Expression\":{\"PropertyVariationSource\":{\"Expression\":{\"SourceRef\":{\"Source\":\"t\"}},\"Name\":\"Variation\",\"Property\":\"reference_date\"}},\"Hierarchy\":\"Date Hierarchy\"}},\"Level\":\"Year\"},\"Name\":\"transaksi_gmv.reference_date.Variation.Date Hierarchy.Year\",\"NativeReferenceName\":\"reference_date Year\"},{\"HierarchyLevel\":{\"Expression\":{\"Hierarchy\":{\"Expression\":{\"PropertyVariationSource\":{\"Expression\":{\"SourceRef\":{\"Source\":\"t\"}},\"Name\":\"Variation\",\"Property\":\"reference_date\"}},\"Hierarchy\":\"Date Hierarchy\"}},\"Level\":\"Quarter\"},\"Name\":\"transaksi_gmv.reference_date.Variation.Date Hierarchy.Quarter\",\"NativeReferenceName\":\"reference_date Quarter\"},{\"HierarchyLevel\":{\"Expression\":{\"Hierarchy\":{\"Expression\":{\"PropertyVariationSource\":{\"Expression\":{\"SourceRef\":{\"Source\":\"t\"}},\"Name\":\"Variation\",\"Property\":\"reference_date\"}},\"Hierarchy\":\"Date Hierarchy\"}},\"Level\":\"Month\"},\"Name\":\"transaksi_gmv.reference_date.Variation.Date Hierarchy.Month\",\"NativeReferenceName\":\"reference_date Month\"},{\"HierarchyLevel\":{\"Expression\":{\"Hierarchy\":{\"Expression\":{\"PropertyVariationSource\":{\"Expression\":{\"SourceRef\":{\"Source\":\"t\"}},\"Name\":\"Variation\",\"Property\":\"reference_date\"}},\"Hierarchy\":\"Date Hierarchy\"}},\"Level\":\"Day\"},\"Name\":\"transaksi_gmv.reference_date.Variation.Date Hierarchy.Day\",\"NativeReferenceName\":\"reference_date Day\"}]},\"drillFilterOtherVisuals\":true,\"objects\":{\"categoryAxis\":[{\"properties\":{\"showAxisTitle\":{\"expr\":{\"Literal\":{\"Value\":\"false\"}}}}}],\"valueAxis\":[{\"properties\":{\"showAxisTitle\":{\"expr\":{\"Literal\":{\"Value\":\"false\"}}}}}]},\"vcObjects\":{\"title\":[{\"properties\":{\"text\":{\"expr\":{\"Literal\":{\"Value\":\"'Daily GMV'\"}}},\"show\":{\"expr\":{\"Literal\":{\"Value\":\"true\"}}},\"titleWrap\":{\"expr\":{\"Literal\":{\"Value\":\"true\"}}},\"alignment\":{\"expr\":{\"Literal\":{\"Value\":\"'left'\"}}},\"fontSize\":{\"expr\":{\"Literal\":{\"Value\":\"20D\"}}}}}],\"background\":[{\"properties\":{\"show\":{\"expr\":{\"Literal\":{\"Value\":\"true\"}}},\"transparency\":{\"expr\":{\"Literal\":{\"Value\":\"0D\"}}}}}],\"border\":[{\"properties\":{\"show\":{\"expr\":{\"Literal\":{\"Value\":\"true\"}}},\"width\":{\"expr\":{\"Literal\":{\"Value\":\"1D\"}}}}}]}}}",
          "filters": "[]",
          "height": 316.36,
          "width": 643.64,
          "x": 785.45,
          "y": 370.91,
          "z": 4000.00
        }
      ],
      "width": 1600.00
    }
  ]
}